"","geo_id","year","new_var","type","value"
"1",14460,2010,"$10,000 to $14,999","nonfamily",8.6
"2",14460,2010,"$100,000 to $149,999","nonfamily",9.9
"3",14460,2010,"$15,000 to $24,999","nonfamily",12.3
"4",14460,2010,"$150,000 to $199,999","nonfamily",2.7
"5",14460,2010,"$200,000 or more","nonfamily",2.7
"6",14460,2010,"$25,000 to $34,999","nonfamily",10.2
"7",14460,2010,"$35,000 to $49,999","nonfamily",13
"8",14460,2010,"$50,000 to $74,999","nonfamily",17.6
"9",14460,2010,"$75,000 to $99,999","nonfamily",10
"10",14460,2010,"Less than $10,000","nonfamily",13
"11",14460,2010,"low_income","family",7.4
"12",14460,2010,"middle_class","family",40.4
"13",14460,2010,"poverty","family",19.1
"14",14460,2010,"upper_class","family",8.2
"15",14460,2010,"upper_middle_class","family",24.8
"16",14460,2011,"$10,000 to $14,999","nonfamily",9.2
"17",14460,2011,"$100,000 to $149,999","nonfamily",10.2
"18",14460,2011,"$15,000 to $24,999","nonfamily",13.3
"19",14460,2011,"$150,000 to $199,999","nonfamily",3.2
"20",14460,2011,"$200,000 or more","nonfamily",2.7
"21",14460,2011,"$25,000 to $34,999","nonfamily",9.2
"22",14460,2011,"$35,000 to $49,999","nonfamily",12.4
"23",14460,2011,"$50,000 to $74,999","nonfamily",16.6
"24",14460,2011,"$75,000 to $99,999","nonfamily",10.5
"25",14460,2011,"Less than $10,000","nonfamily",12.8
"26",14460,2011,"low_income","family",7.4
"27",14460,2011,"middle_class","family",39.1
"28",14460,2011,"poverty","family",19.6
"29",14460,2011,"upper_class","family",8.8
"30",14460,2011,"upper_middle_class","family",25.1
"31",14460,2012,"$10,000 to $14,999","nonfamily",8.1
"32",14460,2012,"$100,000 to $149,999","nonfamily",9.8
"33",14460,2012,"$15,000 to $24,999","nonfamily",13.2
"34",14460,2012,"$150,000 to $199,999","nonfamily",3.3
"35",14460,2012,"$200,000 or more","nonfamily",3.4
"36",14460,2012,"$25,000 to $34,999","nonfamily",9.7
"37",14460,2012,"$35,000 to $49,999","nonfamily",13.1
"38",14460,2012,"$50,000 to $74,999","nonfamily",16.8
"39",14460,2012,"$75,000 to $99,999","nonfamily",10.2
"40",14460,2012,"Less than $10,000","nonfamily",12.4
"41",14460,2012,"low_income","family",7.2
"42",14460,2012,"middle_class","family",38.6
"43",14460,2012,"poverty","family",18.8
"44",14460,2012,"upper_class","family",9.5
"45",14460,2012,"upper_middle_class","family",25.8
"46",14460,2013,"$10,000 to $14,999","nonfamily",8.5
"47",14460,2013,"$100,000 to $149,999","nonfamily",10.5
"48",14460,2013,"$15,000 to $24,999","nonfamily",12.5
"49",14460,2013,"$150,000 to $199,999","nonfamily",4
"50",14460,2013,"$200,000 or more","nonfamily",3.2
"51",14460,2013,"$25,000 to $34,999","nonfamily",9.9
"52",14460,2013,"$35,000 to $49,999","nonfamily",12.1
"53",14460,2013,"$50,000 to $74,999","nonfamily",17.5
"54",14460,2013,"$75,000 to $99,999","nonfamily",10.2
"55",14460,2013,"Less than $10,000","nonfamily",11.5
"56",14460,2013,"low_income","family",7.3
"57",14460,2013,"middle_class","family",38.5
"58",14460,2013,"poverty","family",18
"59",14460,2013,"upper_class","family",10
"60",14460,2013,"upper_middle_class","family",26.3
"61",14460,2014,"$10,000 to $14,999","nonfamily",8.5
"62",14460,2014,"$100,000 to $149,999","nonfamily",11.5
"63",14460,2014,"$15,000 to $24,999","nonfamily",12.7
"64",14460,2014,"$150,000 to $199,999","nonfamily",4.1
"65",14460,2014,"$200,000 or more","nonfamily",3.9
"66",14460,2014,"$25,000 to $34,999","nonfamily",9.4
"67",14460,2014,"$35,000 to $49,999","nonfamily",11.5
"68",14460,2014,"$50,000 to $74,999","nonfamily",16.9
"69",14460,2014,"$75,000 to $99,999","nonfamily",10.8
"70",14460,2014,"Less than $10,000","nonfamily",10.8
"71",14460,2014,"low_income","family",6.8
"72",14460,2014,"middle_class","family",36.9
"73",14460,2014,"poverty","family",17.9
"74",14460,2014,"upper_class","family",11.2
"75",14460,2014,"upper_middle_class","family",27
"76",14460,2015,"$10,000 to $14,999","nonfamily",8.4
"77",14460,2015,"$100,000 to $149,999","nonfamily",12
"78",14460,2015,"$15,000 to $24,999","nonfamily",11.9
"79",14460,2015,"$150,000 to $199,999","nonfamily",4.2
"80",14460,2015,"$200,000 or more","nonfamily",4.4
"81",14460,2015,"$25,000 to $34,999","nonfamily",9.1
"82",14460,2015,"$35,000 to $49,999","nonfamily",12.2
"83",14460,2015,"$50,000 to $74,999","nonfamily",16.5
"84",14460,2015,"$75,000 to $99,999","nonfamily",10.6
"85",14460,2015,"Less than $10,000","nonfamily",10.7
"86",14460,2015,"low_income","family",6.8
"87",14460,2015,"middle_class","family",36.3
"88",14460,2015,"poverty","family",16.9
"89",14460,2015,"upper_class","family",12.1
"90",14460,2015,"upper_middle_class","family",27.9
"91",14460,2016,"$10,000 to $14,999","nonfamily",7.7
"92",14460,2016,"$100,000 to $149,999","nonfamily",12.2
"93",14460,2016,"$15,000 to $24,999","nonfamily",11.2
"94",14460,2016,"$150,000 to $199,999","nonfamily",5
"95",14460,2016,"$200,000 or more","nonfamily",4.5
"96",14460,2016,"$25,000 to $34,999","nonfamily",9.5
"97",14460,2016,"$35,000 to $49,999","nonfamily",11.8
"98",14460,2016,"$50,000 to $74,999","nonfamily",16.8
"99",14460,2016,"$75,000 to $99,999","nonfamily",10.8
"100",14460,2016,"Less than $10,000","nonfamily",10.5
"101",14460,2016,"low_income","family",6.2
"102",14460,2016,"middle_class","family",36.2
"103",14460,2016,"poverty","family",16
"104",14460,2016,"upper_class","family",13.1
"105",14460,2016,"upper_middle_class","family",28.6
"106",14460,2017,"$10,000 to $14,999","nonfamily",7.7
"107",14460,2017,"$100,000 to $149,999","nonfamily",12.6
"108",14460,2017,"$15,000 to $24,999","nonfamily",11.7
"109",14460,2017,"$150,000 to $199,999","nonfamily",5.5
"110",14460,2017,"$200,000 or more","nonfamily",5.4
"111",14460,2017,"$25,000 to $34,999","nonfamily",9.1
"112",14460,2017,"$35,000 to $49,999","nonfamily",11.4
"113",14460,2017,"$50,000 to $74,999","nonfamily",15.3
"114",14460,2017,"$75,000 to $99,999","nonfamily",11
"115",14460,2017,"Less than $10,000","nonfamily",10.3
"116",14460,2017,"low_income","family",6.2
"117",14460,2017,"middle_class","family",34.3
"118",14460,2017,"poverty","family",16
"119",14460,2017,"upper_class","family",14.6
"120",14460,2017,"upper_middle_class","family",28.9
"121",14460,2018,"$10,000 to $14,999","nonfamily",8.6
"122",14460,2018,"$100,000 to $149,999","nonfamily",13.5
"123",14460,2018,"$15,000 to $24,999","nonfamily",10.9
"124",14460,2018,"$150,000 to $199,999","nonfamily",5.8
"125",14460,2018,"$200,000 or more","nonfamily",5.6
"126",14460,2018,"$25,000 to $34,999","nonfamily",8.3
"127",14460,2018,"$35,000 to $49,999","nonfamily",10.9
"128",14460,2018,"$50,000 to $74,999","nonfamily",15.4
"129",14460,2018,"$75,000 to $99,999","nonfamily",10.8
"130",14460,2018,"Less than $10,000","nonfamily",10.2
"131",14460,2018,"low_income","family",5.8
"132",14460,2018,"middle_class","family",33.6
"133",14460,2018,"poverty","family",15.4
"134",14460,2018,"upper_class","family",15.8
"135",14460,2018,"upper_middle_class","family",29.4
"136",14860,2010,"$10,000 to $14,999","nonfamily",9.5
"137",14860,2010,"$100,000 to $149,999","nonfamily",8.1
"138",14860,2010,"$15,000 to $24,999","nonfamily",12.7
"139",14860,2010,"$150,000 to $199,999","nonfamily",3.7
"140",14860,2010,"$200,000 or more","nonfamily",4.4
"141",14860,2010,"$25,000 to $34,999","nonfamily",11.3
"142",14860,2010,"$35,000 to $49,999","nonfamily",14.7
"143",14860,2010,"$50,000 to $74,999","nonfamily",16
"144",14860,2010,"$75,000 to $99,999","nonfamily",8.9
"145",14860,2010,"Less than $10,000","nonfamily",10.9
"146",14860,2010,"low_income","family",7.4
"147",14860,2010,"middle_class","family",37.2
"148",14860,2010,"poverty","family",17.2
"149",14860,2010,"upper_class","family",14.3
"150",14860,2010,"upper_middle_class","family",23.9
"151",14860,2011,"$10,000 to $14,999","nonfamily",7.4
"152",14860,2011,"$100,000 to $149,999","nonfamily",8.3
"153",14860,2011,"$15,000 to $24,999","nonfamily",13.4
"154",14860,2011,"$150,000 to $199,999","nonfamily",3.4
"155",14860,2011,"$200,000 or more","nonfamily",4.4
"156",14860,2011,"$25,000 to $34,999","nonfamily",9.7
"157",14860,2011,"$35,000 to $49,999","nonfamily",13.5
"158",14860,2011,"$50,000 to $74,999","nonfamily",16.7
"159",14860,2011,"$75,000 to $99,999","nonfamily",11.3
"160",14860,2011,"Less than $10,000","nonfamily",11.8
"161",14860,2011,"low_income","family",6.9
"162",14860,2011,"middle_class","family",36.2
"163",14860,2011,"poverty","family",17.2
"164",14860,2011,"upper_class","family",16.1
"165",14860,2011,"upper_middle_class","family",23.7
"166",14860,2012,"$10,000 to $14,999","nonfamily",8.5
"167",14860,2012,"$100,000 to $149,999","nonfamily",9.5
"168",14860,2012,"$15,000 to $24,999","nonfamily",12.3
"169",14860,2012,"$150,000 to $199,999","nonfamily",3.4
"170",14860,2012,"$200,000 or more","nonfamily",4.7
"171",14860,2012,"$25,000 to $34,999","nonfamily",10.5
"172",14860,2012,"$35,000 to $49,999","nonfamily",13.4
"173",14860,2012,"$50,000 to $74,999","nonfamily",17.7
"174",14860,2012,"$75,000 to $99,999","nonfamily",8.2
"175",14860,2012,"Less than $10,000","nonfamily",11.7
"176",14860,2012,"low_income","family",6.9
"177",14860,2012,"middle_class","family",35.1
"178",14860,2012,"poverty","family",16.2
"179",14860,2012,"upper_class","family",16.9
"180",14860,2012,"upper_middle_class","family",24.9
"181",14860,2013,"$10,000 to $14,999","nonfamily",7.4
"182",14860,2013,"$100,000 to $149,999","nonfamily",10.7
"183",14860,2013,"$15,000 to $24,999","nonfamily",15.7
"184",14860,2013,"$150,000 to $199,999","nonfamily",3.5
"185",14860,2013,"$200,000 or more","nonfamily",4.8
"186",14860,2013,"$25,000 to $34,999","nonfamily",8.8
"187",14860,2013,"$35,000 to $49,999","nonfamily",11.6
"188",14860,2013,"$50,000 to $74,999","nonfamily",15.8
"189",14860,2013,"$75,000 to $99,999","nonfamily",10
"190",14860,2013,"Less than $10,000","nonfamily",11.6
"191",14860,2013,"low_income","family",6.4
"192",14860,2013,"middle_class","family",34.9
"193",14860,2013,"poverty","family",16.6
"194",14860,2013,"upper_class","family",18.2
"195",14860,2013,"upper_middle_class","family",24.1
"196",14860,2014,"$10,000 to $14,999","nonfamily",6.3
"197",14860,2014,"$100,000 to $149,999","nonfamily",10.7
"198",14860,2014,"$15,000 to $24,999","nonfamily",14.8
"199",14860,2014,"$150,000 to $199,999","nonfamily",4.6
"200",14860,2014,"$200,000 or more","nonfamily",6.2
"201",14860,2014,"$25,000 to $34,999","nonfamily",9.5
"202",14860,2014,"$35,000 to $49,999","nonfamily",13.2
"203",14860,2014,"$50,000 to $74,999","nonfamily",14.4
"204",14860,2014,"$75,000 to $99,999","nonfamily",9.4
"205",14860,2014,"Less than $10,000","nonfamily",10.9
"206",14860,2014,"low_income","family",7.1
"207",14860,2014,"middle_class","family",34.3
"208",14860,2014,"poverty","family",15.1
"209",14860,2014,"upper_class","family",19.2
"210",14860,2014,"upper_middle_class","family",24.5
"211",14860,2015,"$10,000 to $14,999","nonfamily",6.9
"212",14860,2015,"$100,000 to $149,999","nonfamily",9.6
"213",14860,2015,"$15,000 to $24,999","nonfamily",14
"214",14860,2015,"$150,000 to $199,999","nonfamily",4.5
"215",14860,2015,"$200,000 or more","nonfamily",6.5
"216",14860,2015,"$25,000 to $34,999","nonfamily",8.5
"217",14860,2015,"$35,000 to $49,999","nonfamily",12.2
"218",14860,2015,"$50,000 to $74,999","nonfamily",13.6
"219",14860,2015,"$75,000 to $99,999","nonfamily",12.2
"220",14860,2015,"Less than $10,000","nonfamily",12
"221",14860,2015,"low_income","family",6
"222",14860,2015,"middle_class","family",34.7
"223",14860,2015,"poverty","family",15.5
"224",14860,2015,"upper_class","family",18.3
"225",14860,2015,"upper_middle_class","family",25.5
"226",14860,2016,"$10,000 to $14,999","nonfamily",6.6
"227",14860,2016,"$100,000 to $149,999","nonfamily",12.2
"228",14860,2016,"$15,000 to $24,999","nonfamily",13
"229",14860,2016,"$150,000 to $199,999","nonfamily",4.6
"230",14860,2016,"$200,000 or more","nonfamily",5.9
"231",14860,2016,"$25,000 to $34,999","nonfamily",9.8
"232",14860,2016,"$35,000 to $49,999","nonfamily",13.6
"233",14860,2016,"$50,000 to $74,999","nonfamily",14.7
"234",14860,2016,"$75,000 to $99,999","nonfamily",10.9
"235",14860,2016,"Less than $10,000","nonfamily",8.7
"236",14860,2016,"low_income","family",6.6
"237",14860,2016,"middle_class","family",33.4
"238",14860,2016,"poverty","family",13.9
"239",14860,2016,"upper_class","family",19.2
"240",14860,2016,"upper_middle_class","family",26.8
"241",14860,2017,"$10,000 to $14,999","nonfamily",7.5
"242",14860,2017,"$100,000 to $149,999","nonfamily",13.2
"243",14860,2017,"$15,000 to $24,999","nonfamily",12.5
"244",14860,2017,"$150,000 to $199,999","nonfamily",5.5
"245",14860,2017,"$200,000 or more","nonfamily",8.1
"246",14860,2017,"$25,000 to $34,999","nonfamily",9.2
"247",14860,2017,"$35,000 to $49,999","nonfamily",9.7
"248",14860,2017,"$50,000 to $74,999","nonfamily",15.2
"249",14860,2017,"$75,000 to $99,999","nonfamily",10.2
"250",14860,2017,"Less than $10,000","nonfamily",8.9
"251",14860,2017,"low_income","family",6.4
"252",14860,2017,"middle_class","family",32.9
"253",14860,2017,"poverty","family",13.9
"254",14860,2017,"upper_class","family",20.4
"255",14860,2017,"upper_middle_class","family",26.3
"256",14860,2018,"$10,000 to $14,999","nonfamily",5.6
"257",14860,2018,"$100,000 to $149,999","nonfamily",11.6
"258",14860,2018,"$15,000 to $24,999","nonfamily",11.3
"259",14860,2018,"$150,000 to $199,999","nonfamily",5.3
"260",14860,2018,"$200,000 or more","nonfamily",7
"261",14860,2018,"$25,000 to $34,999","nonfamily",9.7
"262",14860,2018,"$35,000 to $49,999","nonfamily",10.8
"263",14860,2018,"$50,000 to $74,999","nonfamily",15.3
"264",14860,2018,"$75,000 to $99,999","nonfamily",11
"265",14860,2018,"Less than $10,000","nonfamily",12.4
"266",14860,2018,"low_income","family",6.1
"267",14860,2018,"middle_class","family",32.8
"268",14860,2018,"poverty","family",14.4
"269",14860,2018,"upper_class","family",20.8
"270",14860,2018,"upper_middle_class","family",25.8
"271",25540,2010,"$10,000 to $14,999","nonfamily",8.1
"272",25540,2010,"$100,000 to $149,999","nonfamily",5.9
"273",25540,2010,"$15,000 to $24,999","nonfamily",16.3
"274",25540,2010,"$150,000 to $199,999","nonfamily",2.4
"275",25540,2010,"$200,000 or more","nonfamily",1.8
"276",25540,2010,"$25,000 to $34,999","nonfamily",11.8
"277",25540,2010,"$35,000 to $49,999","nonfamily",16.1
"278",25540,2010,"$50,000 to $74,999","nonfamily",17.2
"279",25540,2010,"$75,000 to $99,999","nonfamily",9.2
"280",25540,2010,"Less than $10,000","nonfamily",11.3
"281",25540,2010,"low_income","family",8.2
"282",25540,2010,"middle_class","family",44.1
"283",25540,2010,"poverty","family",19.2
"284",25540,2010,"upper_class","family",6
"285",25540,2010,"upper_middle_class","family",22.4
"286",25540,2011,"$10,000 to $14,999","nonfamily",8.8
"287",25540,2011,"$100,000 to $149,999","nonfamily",7
"288",25540,2011,"$15,000 to $24,999","nonfamily",15.5
"289",25540,2011,"$150,000 to $199,999","nonfamily",1.7
"290",25540,2011,"$200,000 or more","nonfamily",1.8
"291",25540,2011,"$25,000 to $34,999","nonfamily",12
"292",25540,2011,"$35,000 to $49,999","nonfamily",14.3
"293",25540,2011,"$50,000 to $74,999","nonfamily",17.7
"294",25540,2011,"$75,000 to $99,999","nonfamily",9.6
"295",25540,2011,"Less than $10,000","nonfamily",11.7
"296",25540,2011,"low_income","family",8.4
"297",25540,2011,"middle_class","family",42.5
"298",25540,2011,"poverty","family",19.4
"299",25540,2011,"upper_class","family",6.5
"300",25540,2011,"upper_middle_class","family",23.3
"301",25540,2012,"$10,000 to $14,999","nonfamily",9.1
"302",25540,2012,"$100,000 to $149,999","nonfamily",7.9
"303",25540,2012,"$15,000 to $24,999","nonfamily",14.8
"304",25540,2012,"$150,000 to $199,999","nonfamily",2.3
"305",25540,2012,"$200,000 or more","nonfamily",1.7
"306",25540,2012,"$25,000 to $34,999","nonfamily",11.2
"307",25540,2012,"$35,000 to $49,999","nonfamily",13.4
"308",25540,2012,"$50,000 to $74,999","nonfamily",18
"309",25540,2012,"$75,000 to $99,999","nonfamily",9.8
"310",25540,2012,"Less than $10,000","nonfamily",11.9
"311",25540,2012,"low_income","family",8
"312",25540,2012,"middle_class","family",41.9
"313",25540,2012,"poverty","family",19.3
"314",25540,2012,"upper_class","family",6.7
"315",25540,2012,"upper_middle_class","family",24.1
"316",25540,2013,"$10,000 to $14,999","nonfamily",7.6
"317",25540,2013,"$100,000 to $149,999","nonfamily",7.7
"318",25540,2013,"$15,000 to $24,999","nonfamily",17.4
"319",25540,2013,"$150,000 to $199,999","nonfamily",1.9
"320",25540,2013,"$200,000 or more","nonfamily",2
"321",25540,2013,"$25,000 to $34,999","nonfamily",10.4
"322",25540,2013,"$35,000 to $49,999","nonfamily",14.5
"323",25540,2013,"$50,000 to $74,999","nonfamily",17.9
"324",25540,2013,"$75,000 to $99,999","nonfamily",10.1
"325",25540,2013,"Less than $10,000","nonfamily",10.5
"326",25540,2013,"low_income","family",7.7
"327",25540,2013,"middle_class","family",41.5
"328",25540,2013,"poverty","family",19.1
"329",25540,2013,"upper_class","family",7.4
"330",25540,2013,"upper_middle_class","family",24.2
"331",25540,2014,"$10,000 to $14,999","nonfamily",6.3
"332",25540,2014,"$100,000 to $149,999","nonfamily",8.5
"333",25540,2014,"$15,000 to $24,999","nonfamily",14.9
"334",25540,2014,"$150,000 to $199,999","nonfamily",2
"335",25540,2014,"$200,000 or more","nonfamily",2.9
"336",25540,2014,"$25,000 to $34,999","nonfamily",10.7
"337",25540,2014,"$35,000 to $49,999","nonfamily",15.5
"338",25540,2014,"$50,000 to $74,999","nonfamily",17.5
"339",25540,2014,"$75,000 to $99,999","nonfamily",9.4
"340",25540,2014,"Less than $10,000","nonfamily",12.3
"341",25540,2014,"low_income","family",7.7
"342",25540,2014,"middle_class","family",40.7
"343",25540,2014,"poverty","family",18.2
"344",25540,2014,"upper_class","family",8.1
"345",25540,2014,"upper_middle_class","family",25.4
"346",25540,2015,"$10,000 to $14,999","nonfamily",7.2
"347",25540,2015,"$100,000 to $149,999","nonfamily",8.6
"348",25540,2015,"$15,000 to $24,999","nonfamily",14.6
"349",25540,2015,"$150,000 to $199,999","nonfamily",2.7
"350",25540,2015,"$200,000 or more","nonfamily",1.9
"351",25540,2015,"$25,000 to $34,999","nonfamily",11.9
"352",25540,2015,"$35,000 to $49,999","nonfamily",15.4
"353",25540,2015,"$50,000 to $74,999","nonfamily",16.8
"354",25540,2015,"$75,000 to $99,999","nonfamily",10.4
"355",25540,2015,"Less than $10,000","nonfamily",10.6
"356",25540,2015,"low_income","family",7.3
"357",25540,2015,"middle_class","family",40.3
"358",25540,2015,"poverty","family",17.3
"359",25540,2015,"upper_class","family",9.1
"360",25540,2015,"upper_middle_class","family",26
"361",25540,2016,"$10,000 to $14,999","nonfamily",8.3
"362",25540,2016,"$100,000 to $149,999","nonfamily",8.1
"363",25540,2016,"$15,000 to $24,999","nonfamily",12
"364",25540,2016,"$150,000 to $199,999","nonfamily",2.8
"365",25540,2016,"$200,000 or more","nonfamily",2.3
"366",25540,2016,"$25,000 to $34,999","nonfamily",11.5
"367",25540,2016,"$35,000 to $49,999","nonfamily",15.5
"368",25540,2016,"$50,000 to $74,999","nonfamily",18.7
"369",25540,2016,"$75,000 to $99,999","nonfamily",10.3
"370",25540,2016,"Less than $10,000","nonfamily",10.5
"371",25540,2016,"low_income","family",7.6
"372",25540,2016,"middle_class","family",41.1
"373",25540,2016,"poverty","family",16.7
"374",25540,2016,"upper_class","family",9.3
"375",25540,2016,"upper_middle_class","family",25.4
"376",25540,2017,"$10,000 to $14,999","nonfamily",7.5
"377",25540,2017,"$100,000 to $149,999","nonfamily",8.3
"378",25540,2017,"$15,000 to $24,999","nonfamily",12
"379",25540,2017,"$150,000 to $199,999","nonfamily",3.7
"380",25540,2017,"$200,000 or more","nonfamily",1.9
"381",25540,2017,"$25,000 to $34,999","nonfamily",12.2
"382",25540,2017,"$35,000 to $49,999","nonfamily",15.2
"383",25540,2017,"$50,000 to $74,999","nonfamily",19.7
"384",25540,2017,"$75,000 to $99,999","nonfamily",9.9
"385",25540,2017,"Less than $10,000","nonfamily",9.6
"386",25540,2017,"low_income","family",8
"387",25540,2017,"middle_class","family",40.9
"388",25540,2017,"poverty","family",15.8
"389",25540,2017,"upper_class","family",9.1
"390",25540,2017,"upper_middle_class","family",26
"391",25540,2018,"$10,000 to $14,999","nonfamily",7.5
"392",25540,2018,"$100,000 to $149,999","nonfamily",9.8
"393",25540,2018,"$15,000 to $24,999","nonfamily",12.7
"394",25540,2018,"$150,000 to $199,999","nonfamily",2.9
"395",25540,2018,"$200,000 or more","nonfamily",3.7
"396",25540,2018,"$25,000 to $34,999","nonfamily",10.5
"397",25540,2018,"$35,000 to $49,999","nonfamily",13.5
"398",25540,2018,"$50,000 to $74,999","nonfamily",16.2
"399",25540,2018,"$75,000 to $99,999","nonfamily",11.7
"400",25540,2018,"Less than $10,000","nonfamily",11.4
"401",25540,2018,"low_income","family",7.3
"402",25540,2018,"middle_class","family",37.2
"403",25540,2018,"poverty","family",16.5
"404",25540,2018,"upper_class","family",11
"405",25540,2018,"upper_middle_class","family",27.9
"406",35300,2010,"$10,000 to $14,999","nonfamily",9.1
"407",35300,2010,"$100,000 to $149,999","nonfamily",7
"408",35300,2010,"$15,000 to $24,999","nonfamily",17.4
"409",35300,2010,"$150,000 to $199,999","nonfamily",2.6
"410",35300,2010,"$200,000 or more","nonfamily",1.3
"411",35300,2010,"$25,000 to $34,999","nonfamily",11.8
"412",35300,2010,"$35,000 to $49,999","nonfamily",13.9
"413",35300,2010,"$50,000 to $74,999","nonfamily",15.2
"414",35300,2010,"$75,000 to $99,999","nonfamily",9.1
"415",35300,2010,"Less than $10,000","nonfamily",12.6
"416",35300,2010,"low_income","family",8.9
"417",35300,2010,"middle_class","family",42.9
"418",35300,2010,"poverty","family",22.2
"419",35300,2010,"upper_class","family",5
"420",35300,2010,"upper_middle_class","family",20.9
"421",35300,2011,"$10,000 to $14,999","nonfamily",9.7
"422",35300,2011,"$100,000 to $149,999","nonfamily",6.3
"423",35300,2011,"$15,000 to $24,999","nonfamily",15.6
"424",35300,2011,"$150,000 to $199,999","nonfamily",2.3
"425",35300,2011,"$200,000 or more","nonfamily",1.7
"426",35300,2011,"$25,000 to $34,999","nonfamily",10.8
"427",35300,2011,"$35,000 to $49,999","nonfamily",13.4
"428",35300,2011,"$50,000 to $74,999","nonfamily",18.5
"429",35300,2011,"$75,000 to $99,999","nonfamily",9.6
"430",35300,2011,"Less than $10,000","nonfamily",12.1
"431",35300,2011,"low_income","family",8.8
"432",35300,2011,"middle_class","family",42.8
"433",35300,2011,"poverty","family",21.9
"434",35300,2011,"upper_class","family",5.4
"435",35300,2011,"upper_middle_class","family",21.2
"436",35300,2012,"$10,000 to $14,999","nonfamily",10
"437",35300,2012,"$100,000 to $149,999","nonfamily",5.7
"438",35300,2012,"$15,000 to $24,999","nonfamily",16.7
"439",35300,2012,"$150,000 to $199,999","nonfamily",1.7
"440",35300,2012,"$200,000 or more","nonfamily",1.4
"441",35300,2012,"$25,000 to $34,999","nonfamily",12.3
"442",35300,2012,"$35,000 to $49,999","nonfamily",15.9
"443",35300,2012,"$50,000 to $74,999","nonfamily",15.4
"444",35300,2012,"$75,000 to $99,999","nonfamily",9
"445",35300,2012,"Less than $10,000","nonfamily",11.9
"446",35300,2012,"low_income","family",8.9
"447",35300,2012,"middle_class","family",40.8
"448",35300,2012,"poverty","family",22.6
"449",35300,2012,"upper_class","family",5.4
"450",35300,2012,"upper_middle_class","family",22.2
"451",35300,2013,"$10,000 to $14,999","nonfamily",9.9
"452",35300,2013,"$100,000 to $149,999","nonfamily",5.5
"453",35300,2013,"$15,000 to $24,999","nonfamily",14.6
"454",35300,2013,"$150,000 to $199,999","nonfamily",1.7
"455",35300,2013,"$200,000 or more","nonfamily",1.3
"456",35300,2013,"$25,000 to $34,999","nonfamily",11.9
"457",35300,2013,"$35,000 to $49,999","nonfamily",15.9
"458",35300,2013,"$50,000 to $74,999","nonfamily",16.5
"459",35300,2013,"$75,000 to $99,999","nonfamily",8.4
"460",35300,2013,"Less than $10,000","nonfamily",14.1
"461",35300,2013,"low_income","family",9
"462",35300,2013,"middle_class","family",40.9
"463",35300,2013,"poverty","family",21.5
"464",35300,2013,"upper_class","family",6
"465",35300,2013,"upper_middle_class","family",22.6
"466",35300,2014,"$10,000 to $14,999","nonfamily",8.1
"467",35300,2014,"$100,000 to $149,999","nonfamily",6.9
"468",35300,2014,"$15,000 to $24,999","nonfamily",16.6
"469",35300,2014,"$150,000 to $199,999","nonfamily",2.3
"470",35300,2014,"$200,000 or more","nonfamily",1.5
"471",35300,2014,"$25,000 to $34,999","nonfamily",12.1
"472",35300,2014,"$35,000 to $49,999","nonfamily",14.3
"473",35300,2014,"$50,000 to $74,999","nonfamily",16.8
"474",35300,2014,"$75,000 to $99,999","nonfamily",7.5
"475",35300,2014,"Less than $10,000","nonfamily",14
"476",35300,2014,"low_income","family",8.7
"477",35300,2014,"middle_class","family",40.7
"478",35300,2014,"poverty","family",21.9
"479",35300,2014,"upper_class","family",6.7
"480",35300,2014,"upper_middle_class","family",21.9
"481",35300,2015,"$10,000 to $14,999","nonfamily",8.4
"482",35300,2015,"$100,000 to $149,999","nonfamily",8.5
"483",35300,2015,"$15,000 to $24,999","nonfamily",13.2
"484",35300,2015,"$150,000 to $199,999","nonfamily",1.8
"485",35300,2015,"$200,000 or more","nonfamily",1.8
"486",35300,2015,"$25,000 to $34,999","nonfamily",11.6
"487",35300,2015,"$35,000 to $49,999","nonfamily",16.1
"488",35300,2015,"$50,000 to $74,999","nonfamily",17.8
"489",35300,2015,"$75,000 to $99,999","nonfamily",9.3
"490",35300,2015,"Less than $10,000","nonfamily",11.5
"491",35300,2015,"low_income","family",8.1
"492",35300,2015,"middle_class","family",41.1
"493",35300,2015,"poverty","family",20.3
"494",35300,2015,"upper_class","family",7
"495",35300,2015,"upper_middle_class","family",23.3
"496",35300,2016,"$10,000 to $14,999","nonfamily",6.7
"497",35300,2016,"$100,000 to $149,999","nonfamily",7.3
"498",35300,2016,"$15,000 to $24,999","nonfamily",15
"499",35300,2016,"$150,000 to $199,999","nonfamily",2
"500",35300,2016,"$200,000 or more","nonfamily",2.3
"501",35300,2016,"$25,000 to $34,999","nonfamily",10.8
"502",35300,2016,"$35,000 to $49,999","nonfamily",15.7
"503",35300,2016,"$50,000 to $74,999","nonfamily",17.7
"504",35300,2016,"$75,000 to $99,999","nonfamily",11.5
"505",35300,2016,"Less than $10,000","nonfamily",10.9
"506",35300,2016,"low_income","family",8.1
"507",35300,2016,"middle_class","family",41.8
"508",35300,2016,"poverty","family",18.9
"509",35300,2016,"upper_class","family",7.5
"510",35300,2016,"upper_middle_class","family",23.5
"511",35300,2017,"$10,000 to $14,999","nonfamily",6.3
"512",35300,2017,"$100,000 to $149,999","nonfamily",8.5
"513",35300,2017,"$15,000 to $24,999","nonfamily",14.5
"514",35300,2017,"$150,000 to $199,999","nonfamily",3.1
"515",35300,2017,"$200,000 or more","nonfamily",2.3
"516",35300,2017,"$25,000 to $34,999","nonfamily",10.6
"517",35300,2017,"$35,000 to $49,999","nonfamily",15.4
"518",35300,2017,"$50,000 to $74,999","nonfamily",19.1
"519",35300,2017,"$75,000 to $99,999","nonfamily",9.5
"520",35300,2017,"Less than $10,000","nonfamily",10.6
"521",35300,2017,"low_income","family",7.5
"522",35300,2017,"middle_class","family",42.5
"523",35300,2017,"poverty","family",17.6
"524",35300,2017,"upper_class","family",8
"525",35300,2017,"upper_middle_class","family",24.3
"526",35300,2018,"$10,000 to $14,999","nonfamily",9.2
"527",35300,2018,"$100,000 to $149,999","nonfamily",9.6
"528",35300,2018,"$15,000 to $24,999","nonfamily",13.6
"529",35300,2018,"$150,000 to $199,999","nonfamily",2.9
"530",35300,2018,"$200,000 or more","nonfamily",2.6
"531",35300,2018,"$25,000 to $34,999","nonfamily",11
"532",35300,2018,"$35,000 to $49,999","nonfamily",14.1
"533",35300,2018,"$50,000 to $74,999","nonfamily",16.9
"534",35300,2018,"$75,000 to $99,999","nonfamily",10.2
"535",35300,2018,"Less than $10,000","nonfamily",10.1
"536",35300,2018,"low_income","family",8.1
"537",35300,2018,"middle_class","family",40.4
"538",35300,2018,"poverty","family",18.4
"539",35300,2018,"upper_class","family",9.3
"540",35300,2018,"upper_middle_class","family",23.8
"541",35620,2010,"$10,000 to $14,999","nonfamily",8
"542",35620,2010,"$100,000 to $149,999","nonfamily",8.6
"543",35620,2010,"$15,000 to $24,999","nonfamily",13.7
"544",35620,2010,"$150,000 to $199,999","nonfamily",3.2
"545",35620,2010,"$200,000 or more","nonfamily",3.6
"546",35620,2010,"$25,000 to $34,999","nonfamily",10.3
"547",35620,2010,"$35,000 to $49,999","nonfamily",12.7
"548",35620,2010,"$50,000 to $74,999","nonfamily",16.4
"549",35620,2010,"$75,000 to $99,999","nonfamily",9.6
"550",35620,2010,"Less than $10,000","nonfamily",14
"551",35620,2010,"low_income","family",8.3
"552",35620,2010,"middle_class","family",39.4
"553",35620,2010,"poverty","family",21.7
"554",35620,2010,"upper_class","family",8.3
"555",35620,2010,"upper_middle_class","family",22.3
"556",35620,2011,"$10,000 to $14,999","nonfamily",8.2
"557",35620,2011,"$100,000 to $149,999","nonfamily",8.9
"558",35620,2011,"$15,000 to $24,999","nonfamily",13.9
"559",35620,2011,"$150,000 to $199,999","nonfamily",3.5
"560",35620,2011,"$200,000 or more","nonfamily",3.9
"561",35620,2011,"$25,000 to $34,999","nonfamily",10
"562",35620,2011,"$35,000 to $49,999","nonfamily",11.8
"563",35620,2011,"$50,000 to $74,999","nonfamily",15.2
"564",35620,2011,"$75,000 to $99,999","nonfamily",9.9
"565",35620,2011,"Less than $10,000","nonfamily",14.4
"566",35620,2011,"low_income","family",8.3
"567",35620,2011,"middle_class","family",38.3
"568",35620,2011,"poverty","family",22.2
"569",35620,2011,"upper_class","family",8.8
"570",35620,2011,"upper_middle_class","family",22.3
"571",35620,2012,"$10,000 to $14,999","nonfamily",8
"572",35620,2012,"$100,000 to $149,999","nonfamily",9.6
"573",35620,2012,"$15,000 to $24,999","nonfamily",12.7
"574",35620,2012,"$150,000 to $199,999","nonfamily",3.6
"575",35620,2012,"$200,000 or more","nonfamily",4.2
"576",35620,2012,"$25,000 to $34,999","nonfamily",9.8
"577",35620,2012,"$35,000 to $49,999","nonfamily",11.7
"578",35620,2012,"$50,000 to $74,999","nonfamily",15.9
"579",35620,2012,"$75,000 to $99,999","nonfamily",10.2
"580",35620,2012,"Less than $10,000","nonfamily",14.2
"581",35620,2012,"low_income","family",8.1
"582",35620,2012,"middle_class","family",38.3
"583",35620,2012,"poverty","family",21.6
"584",35620,2012,"upper_class","family",9
"585",35620,2012,"upper_middle_class","family",22.9
"586",35620,2013,"$10,000 to $14,999","nonfamily",8
"587",35620,2013,"$100,000 to $149,999","nonfamily",10
"588",35620,2013,"$15,000 to $24,999","nonfamily",12.7
"589",35620,2013,"$150,000 to $199,999","nonfamily",3.8
"590",35620,2013,"$200,000 or more","nonfamily",4.7
"591",35620,2013,"$25,000 to $34,999","nonfamily",9.7
"592",35620,2013,"$35,000 to $49,999","nonfamily",12
"593",35620,2013,"$50,000 to $74,999","nonfamily",15.5
"594",35620,2013,"$75,000 to $99,999","nonfamily",9.6
"595",35620,2013,"Less than $10,000","nonfamily",14.1
"596",35620,2013,"low_income","family",8
"597",35620,2013,"middle_class","family",37.6
"598",35620,2013,"poverty","family",21.1
"599",35620,2013,"upper_class","family",10
"600",35620,2013,"upper_middle_class","family",23.3
"601",35620,2014,"$10,000 to $14,999","nonfamily",7.5
"602",35620,2014,"$100,000 to $149,999","nonfamily",10.2
"603",35620,2014,"$15,000 to $24,999","nonfamily",12.6
"604",35620,2014,"$150,000 to $199,999","nonfamily",4
"605",35620,2014,"$200,000 or more","nonfamily",4.5
"606",35620,2014,"$25,000 to $34,999","nonfamily",9.2
"607",35620,2014,"$35,000 to $49,999","nonfamily",11.7
"608",35620,2014,"$50,000 to $74,999","nonfamily",15.8
"609",35620,2014,"$75,000 to $99,999","nonfamily",10.2
"610",35620,2014,"Less than $10,000","nonfamily",14.3
"611",35620,2014,"low_income","family",7.6
"612",35620,2014,"middle_class","family",37.6
"613",35620,2014,"poverty","family",20.9
"614",35620,2014,"upper_class","family",10.4
"615",35620,2014,"upper_middle_class","family",23.6
"616",35620,2015,"$10,000 to $14,999","nonfamily",7.5
"617",35620,2015,"$100,000 to $149,999","nonfamily",10.4
"618",35620,2015,"$15,000 to $24,999","nonfamily",12.7
"619",35620,2015,"$150,000 to $199,999","nonfamily",4.1
"620",35620,2015,"$200,000 or more","nonfamily",5.1
"621",35620,2015,"$25,000 to $34,999","nonfamily",9.1
"622",35620,2015,"$35,000 to $49,999","nonfamily",11.5
"623",35620,2015,"$50,000 to $74,999","nonfamily",15.8
"624",35620,2015,"$75,000 to $99,999","nonfamily",9.9
"625",35620,2015,"Less than $10,000","nonfamily",13.9
"626",35620,2015,"low_income","family",7.7
"627",35620,2015,"middle_class","family",36.8
"628",35620,2015,"poverty","family",20.4
"629",35620,2015,"upper_class","family",11
"630",35620,2015,"upper_middle_class","family",24.2
"631",35620,2016,"$10,000 to $14,999","nonfamily",7.4
"632",35620,2016,"$100,000 to $149,999","nonfamily",11
"633",35620,2016,"$15,000 to $24,999","nonfamily",11.9
"634",35620,2016,"$150,000 to $199,999","nonfamily",4.5
"635",35620,2016,"$200,000 or more","nonfamily",5.3
"636",35620,2016,"$25,000 to $34,999","nonfamily",9.2
"637",35620,2016,"$35,000 to $49,999","nonfamily",11.3
"638",35620,2016,"$50,000 to $74,999","nonfamily",15.5
"639",35620,2016,"$75,000 to $99,999","nonfamily",10.1
"640",35620,2016,"Less than $10,000","nonfamily",13.8
"641",35620,2016,"low_income","family",7.6
"642",35620,2016,"middle_class","family",36.1
"643",35620,2016,"poverty","family",19.4
"644",35620,2016,"upper_class","family",12.1
"645",35620,2016,"upper_middle_class","family",24.8
"646",35620,2017,"$10,000 to $14,999","nonfamily",7.5
"647",35620,2017,"$100,000 to $149,999","nonfamily",11.4
"648",35620,2017,"$15,000 to $24,999","nonfamily",11.6
"649",35620,2017,"$150,000 to $199,999","nonfamily",5
"650",35620,2017,"$200,000 or more","nonfamily",5.8
"651",35620,2017,"$25,000 to $34,999","nonfamily",8.9
"652",35620,2017,"$35,000 to $49,999","nonfamily",10.8
"653",35620,2017,"$50,000 to $74,999","nonfamily",15.1
"654",35620,2017,"$75,000 to $99,999","nonfamily",10.2
"655",35620,2017,"Less than $10,000","nonfamily",13.7
"656",35620,2017,"low_income","family",7
"657",35620,2017,"middle_class","family",35.6
"658",35620,2017,"poverty","family",18.7
"659",35620,2017,"upper_class","family",13.2
"660",35620,2017,"upper_middle_class","family",25.5
"661",35620,2018,"$10,000 to $14,999","nonfamily",7.8
"662",35620,2018,"$100,000 to $149,999","nonfamily",11.6
"663",35620,2018,"$15,000 to $24,999","nonfamily",11.7
"664",35620,2018,"$150,000 to $199,999","nonfamily",5.3
"665",35620,2018,"$200,000 or more","nonfamily",6.4
"666",35620,2018,"$25,000 to $34,999","nonfamily",8.9
"667",35620,2018,"$35,000 to $49,999","nonfamily",10.7
"668",35620,2018,"$50,000 to $74,999","nonfamily",14.9
"669",35620,2018,"$75,000 to $99,999","nonfamily",10.5
"670",35620,2018,"Less than $10,000","nonfamily",12.2
"671",35620,2018,"low_income","family",6.8
"672",35620,2018,"middle_class","family",34.5
"673",35620,2018,"poverty","family",18.2
"674",35620,2018,"upper_class","family",14.3
"675",35620,2018,"upper_middle_class","family",26.1
"676",35980,2010,"$10,000 to $14,999","nonfamily",8
"677",35980,2010,"$100,000 to $149,999","nonfamily",6.6
"678",35980,2010,"$15,000 to $24,999","nonfamily",14.1
"679",35980,2010,"$150,000 to $199,999","nonfamily",2.6
"680",35980,2010,"$200,000 or more","nonfamily",2
"681",35980,2010,"$25,000 to $34,999","nonfamily",12.2
"682",35980,2010,"$35,000 to $49,999","nonfamily",17.5
"683",35980,2010,"$50,000 to $74,999","nonfamily",18.1
"684",35980,2010,"$75,000 to $99,999","nonfamily",10.1
"685",35980,2010,"Less than $10,000","nonfamily",8.8
"686",35980,2010,"low_income","family",8
"687",35980,2010,"middle_class","family",47.3
"688",35980,2010,"poverty","family",17.3
"689",35980,2010,"upper_class","family",5.8
"690",35980,2010,"upper_middle_class","family",21.6
"691",35980,2011,"$10,000 to $14,999","nonfamily",11
"692",35980,2011,"$100,000 to $149,999","nonfamily",7.2
"693",35980,2011,"$15,000 to $24,999","nonfamily",14.8
"694",35980,2011,"$150,000 to $199,999","nonfamily",1.3
"695",35980,2011,"$200,000 or more","nonfamily",0.7
"696",35980,2011,"$25,000 to $34,999","nonfamily",12.3
"697",35980,2011,"$35,000 to $49,999","nonfamily",14.9
"698",35980,2011,"$50,000 to $74,999","nonfamily",18.8
"699",35980,2011,"$75,000 to $99,999","nonfamily",9.8
"700",35980,2011,"Less than $10,000","nonfamily",9.3
"701",35980,2011,"low_income","family",8.4
"702",35980,2011,"middle_class","family",44.9
"703",35980,2011,"poverty","family",18.3
"704",35980,2011,"upper_class","family",3.9
"705",35980,2011,"upper_middle_class","family",24.5
"706",35980,2012,"$10,000 to $14,999","nonfamily",8
"707",35980,2012,"$100,000 to $149,999","nonfamily",6.3
"708",35980,2012,"$15,000 to $24,999","nonfamily",13.9
"709",35980,2012,"$150,000 to $199,999","nonfamily",1.9
"710",35980,2012,"$200,000 or more","nonfamily",2.7
"711",35980,2012,"$25,000 to $34,999","nonfamily",13.8
"712",35980,2012,"$35,000 to $49,999","nonfamily",18
"713",35980,2012,"$50,000 to $74,999","nonfamily",18
"714",35980,2012,"$75,000 to $99,999","nonfamily",8.7
"715",35980,2012,"Less than $10,000","nonfamily",8.7
"716",35980,2012,"low_income","family",9.5
"717",35980,2012,"middle_class","family",42.7
"718",35980,2012,"poverty","family",17
"719",35980,2012,"upper_class","family",5.1
"720",35980,2012,"upper_middle_class","family",25.8
"721",35980,2013,"$10,000 to $14,999","nonfamily",6.1
"722",35980,2013,"$100,000 to $149,999","nonfamily",8.5
"723",35980,2013,"$15,000 to $24,999","nonfamily",14.6
"724",35980,2013,"$150,000 to $199,999","nonfamily",1.4
"725",35980,2013,"$200,000 or more","nonfamily",2.4
"726",35980,2013,"$25,000 to $34,999","nonfamily",14.3
"727",35980,2013,"$35,000 to $49,999","nonfamily",14
"728",35980,2013,"$50,000 to $74,999","nonfamily",20.4
"729",35980,2013,"$75,000 to $99,999","nonfamily",9.1
"730",35980,2013,"Less than $10,000","nonfamily",9.2
"731",35980,2013,"low_income","family",9.1
"732",35980,2013,"middle_class","family",46.8
"733",35980,2013,"poverty","family",15.6
"734",35980,2013,"upper_class","family",5.2
"735",35980,2013,"upper_middle_class","family",23.2
"736",35980,2014,"$10,000 to $14,999","nonfamily",8.2
"737",35980,2014,"$100,000 to $149,999","nonfamily",7
"738",35980,2014,"$15,000 to $24,999","nonfamily",14.6
"739",35980,2014,"$150,000 to $199,999","nonfamily",1.9
"740",35980,2014,"$200,000 or more","nonfamily",1
"741",35980,2014,"$25,000 to $34,999","nonfamily",11.3
"742",35980,2014,"$35,000 to $49,999","nonfamily",14.7
"743",35980,2014,"$50,000 to $74,999","nonfamily",19.6
"744",35980,2014,"$75,000 to $99,999","nonfamily",12.7
"745",35980,2014,"Less than $10,000","nonfamily",9
"746",35980,2014,"low_income","family",7.6
"747",35980,2014,"middle_class","family",44.7
"748",35980,2014,"poverty","family",17.8
"749",35980,2014,"upper_class","family",5.8
"750",35980,2014,"upper_middle_class","family",24.2
"751",35980,2015,"$10,000 to $14,999","nonfamily",7.1
"752",35980,2015,"$100,000 to $149,999","nonfamily",8.4
"753",35980,2015,"$15,000 to $24,999","nonfamily",14.6
"754",35980,2015,"$150,000 to $199,999","nonfamily",2.5
"755",35980,2015,"$200,000 or more","nonfamily",1.4
"756",35980,2015,"$25,000 to $34,999","nonfamily",10.4
"757",35980,2015,"$35,000 to $49,999","nonfamily",15.8
"758",35980,2015,"$50,000 to $74,999","nonfamily",19.8
"759",35980,2015,"$75,000 to $99,999","nonfamily",9.9
"760",35980,2015,"Less than $10,000","nonfamily",10.1
"761",35980,2015,"low_income","family",8.1
"762",35980,2015,"middle_class","family",42.4
"763",35980,2015,"poverty","family",18.4
"764",35980,2015,"upper_class","family",5.7
"765",35980,2015,"upper_middle_class","family",25.3
"766",35980,2016,"$10,000 to $14,999","nonfamily",8.2
"767",35980,2016,"$100,000 to $149,999","nonfamily",7.7
"768",35980,2016,"$15,000 to $24,999","nonfamily",13.3
"769",35980,2016,"$150,000 to $199,999","nonfamily",2.5
"770",35980,2016,"$200,000 or more","nonfamily",2.3
"771",35980,2016,"$25,000 to $34,999","nonfamily",11.3
"772",35980,2016,"$35,000 to $49,999","nonfamily",13.5
"773",35980,2016,"$50,000 to $74,999","nonfamily",18.6
"774",35980,2016,"$75,000 to $99,999","nonfamily",13.3
"775",35980,2016,"Less than $10,000","nonfamily",9.3
"776",35980,2016,"low_income","family",8
"777",35980,2016,"middle_class","family",41.2
"778",35980,2016,"poverty","family",16.1
"779",35980,2016,"upper_class","family",8.1
"780",35980,2016,"upper_middle_class","family",26.5
"781",35980,2017,"$10,000 to $14,999","nonfamily",7.9
"782",35980,2017,"$100,000 to $149,999","nonfamily",8.1
"783",35980,2017,"$15,000 to $24,999","nonfamily",11.6
"784",35980,2017,"$150,000 to $199,999","nonfamily",3
"785",35980,2017,"$200,000 or more","nonfamily",1.8
"786",35980,2017,"$25,000 to $34,999","nonfamily",11.1
"787",35980,2017,"$35,000 to $49,999","nonfamily",13.8
"788",35980,2017,"$50,000 to $74,999","nonfamily",22.4
"789",35980,2017,"$75,000 to $99,999","nonfamily",11.5
"790",35980,2017,"Less than $10,000","nonfamily",8.7
"791",35980,2017,"low_income","family",7.7
"792",35980,2017,"middle_class","family",44.6
"793",35980,2017,"poverty","family",14.7
"794",35980,2017,"upper_class","family",7.5
"795",35980,2017,"upper_middle_class","family",25.6
"796",35980,2018,"$10,000 to $14,999","nonfamily",9.3
"797",35980,2018,"$100,000 to $149,999","nonfamily",8.4
"798",35980,2018,"$15,000 to $24,999","nonfamily",16.2
"799",35980,2018,"$150,000 to $199,999","nonfamily",2.6
"800",35980,2018,"$200,000 or more","nonfamily",2.1
"801",35980,2018,"$25,000 to $34,999","nonfamily",7.7
"802",35980,2018,"$35,000 to $49,999","nonfamily",15.3
"803",35980,2018,"$50,000 to $74,999","nonfamily",20.9
"804",35980,2018,"$75,000 to $99,999","nonfamily",8.9
"805",35980,2018,"Less than $10,000","nonfamily",8.7
"806",35980,2018,"low_income","family",6.2
"807",35980,2018,"middle_class","family",43.9
"808",35980,2018,"poverty","family",17
"809",35980,2018,"upper_class","family",7
"810",35980,2018,"upper_middle_class","family",26
"811",45860,2010,"$10,000 to $14,999","nonfamily",6.9
"812",45860,2010,"$100,000 to $149,999","nonfamily",7.6
"813",45860,2010,"$15,000 to $24,999","nonfamily",19
"814",45860,2010,"$150,000 to $199,999","nonfamily",2.2
"815",45860,2010,"$200,000 or more","nonfamily",1.6
"816",45860,2010,"$25,000 to $34,999","nonfamily",11.8
"817",45860,2010,"$35,000 to $49,999","nonfamily",17.5
"818",45860,2010,"$50,000 to $74,999","nonfamily",16.3
"819",45860,2010,"$75,000 to $99,999","nonfamily",5.2
"820",45860,2010,"Less than $10,000","nonfamily",12
"821",45860,2010,"low_income","family",9
"822",45860,2010,"middle_class","family",45.4
"823",45860,2010,"poverty","family",16.4
"824",45860,2010,"upper_class","family",5.4
"825",45860,2010,"upper_middle_class","family",23.7
"826",45860,2011,"$10,000 to $14,999","nonfamily",5.8
"827",45860,2011,"$100,000 to $149,999","nonfamily",5.6
"828",45860,2011,"$15,000 to $24,999","nonfamily",19.8
"829",45860,2011,"$150,000 to $199,999","nonfamily",3.1
"830",45860,2011,"$200,000 or more","nonfamily",2.7
"831",45860,2011,"$25,000 to $34,999","nonfamily",9.8
"832",45860,2011,"$35,000 to $49,999","nonfamily",15.4
"833",45860,2011,"$50,000 to $74,999","nonfamily",15.2
"834",45860,2011,"$75,000 to $99,999","nonfamily",9.7
"835",45860,2011,"Less than $10,000","nonfamily",12.8
"836",45860,2011,"low_income","family",7
"837",45860,2011,"middle_class","family",41.8
"838",45860,2011,"poverty","family",18.1
"839",45860,2011,"upper_class","family",7.1
"840",45860,2011,"upper_middle_class","family",25.8
"841",45860,2012,"$10,000 to $14,999","nonfamily",10
"842",45860,2012,"$100,000 to $149,999","nonfamily",9.8
"843",45860,2012,"$15,000 to $24,999","nonfamily",15.5
"844",45860,2012,"$150,000 to $199,999","nonfamily",3.2
"845",45860,2012,"$200,000 or more","nonfamily",1
"846",45860,2012,"$25,000 to $34,999","nonfamily",13
"847",45860,2012,"$35,000 to $49,999","nonfamily",12.8
"848",45860,2012,"$50,000 to $74,999","nonfamily",18.6
"849",45860,2012,"$75,000 to $99,999","nonfamily",8.1
"850",45860,2012,"Less than $10,000","nonfamily",8
"851",45860,2012,"low_income","family",7.6
"852",45860,2012,"middle_class","family",46.2
"853",45860,2012,"poverty","family",15.3
"854",45860,2012,"upper_class","family",5
"855",45860,2012,"upper_middle_class","family",25.9
"856",45860,2013,"$10,000 to $14,999","nonfamily",5
"857",45860,2013,"$100,000 to $149,999","nonfamily",3.8
"858",45860,2013,"$15,000 to $24,999","nonfamily",19.6
"859",45860,2013,"$150,000 to $199,999","nonfamily",5.1
"860",45860,2013,"$200,000 or more","nonfamily",1
"861",45860,2013,"$25,000 to $34,999","nonfamily",12.4
"862",45860,2013,"$35,000 to $49,999","nonfamily",13.9
"863",45860,2013,"$50,000 to $74,999","nonfamily",17.3
"864",45860,2013,"$75,000 to $99,999","nonfamily",11.3
"865",45860,2013,"Less than $10,000","nonfamily",10.6
"866",45860,2013,"low_income","family",7.4
"867",45860,2013,"middle_class","family",45
"868",45860,2013,"poverty","family",15.5
"869",45860,2013,"upper_class","family",6.1
"870",45860,2013,"upper_middle_class","family",25.9
"871",45860,2014,"$10,000 to $14,999","nonfamily",5.6
"872",45860,2014,"$100,000 to $149,999","nonfamily",6.7
"873",45860,2014,"$15,000 to $24,999","nonfamily",18.7
"874",45860,2014,"$150,000 to $199,999","nonfamily",1.7
"875",45860,2014,"$200,000 or more","nonfamily",2.2
"876",45860,2014,"$25,000 to $34,999","nonfamily",9.6
"877",45860,2014,"$35,000 to $49,999","nonfamily",15.8
"878",45860,2014,"$50,000 to $74,999","nonfamily",18.8
"879",45860,2014,"$75,000 to $99,999","nonfamily",11.4
"880",45860,2014,"Less than $10,000","nonfamily",9.5
"881",45860,2014,"low_income","family",6.1
"882",45860,2014,"middle_class","family",46.6
"883",45860,2014,"poverty","family",14.7
"884",45860,2014,"upper_class","family",5.8
"885",45860,2014,"upper_middle_class","family",26.9
"886",45860,2015,"$10,000 to $14,999","nonfamily",7.6
"887",45860,2015,"$100,000 to $149,999","nonfamily",5.9
"888",45860,2015,"$15,000 to $24,999","nonfamily",17.3
"889",45860,2015,"$150,000 to $199,999","nonfamily",3.9
"890",45860,2015,"$200,000 or more","nonfamily",2.2
"891",45860,2015,"$25,000 to $34,999","nonfamily",11
"892",45860,2015,"$35,000 to $49,999","nonfamily",17.3
"893",45860,2015,"$50,000 to $74,999","nonfamily",19
"894",45860,2015,"$75,000 to $99,999","nonfamily",7.4
"895",45860,2015,"Less than $10,000","nonfamily",8.4
"896",45860,2015,"low_income","family",7.7
"897",45860,2015,"middle_class","family",42.2
"898",45860,2015,"poverty","family",15.8
"899",45860,2015,"upper_class","family",7.5
"900",45860,2015,"upper_middle_class","family",27
"901",45860,2016,"$10,000 to $14,999","nonfamily",6.9
"902",45860,2016,"$100,000 to $149,999","nonfamily",9
"903",45860,2016,"$15,000 to $24,999","nonfamily",15.3
"904",45860,2016,"$150,000 to $199,999","nonfamily",2.4
"905",45860,2016,"$200,000 or more","nonfamily",2.9
"906",45860,2016,"$25,000 to $34,999","nonfamily",15.4
"907",45860,2016,"$35,000 to $49,999","nonfamily",17
"908",45860,2016,"$50,000 to $74,999","nonfamily",15.8
"909",45860,2016,"$75,000 to $99,999","nonfamily",10.2
"910",45860,2016,"Less than $10,000","nonfamily",5.2
"911",45860,2016,"low_income","family",8.8
"912",45860,2016,"middle_class","family",41.5
"913",45860,2016,"poverty","family",12.9
"914",45860,2016,"upper_class","family",9.2
"915",45860,2016,"upper_middle_class","family",27.5
"916",45860,2017,"$10,000 to $14,999","nonfamily",6.5
"917",45860,2017,"$100,000 to $149,999","nonfamily",8.3
"918",45860,2017,"$15,000 to $24,999","nonfamily",12.3
"919",45860,2017,"$150,000 to $199,999","nonfamily",4.4
"920",45860,2017,"$200,000 or more","nonfamily",3.3
"921",45860,2017,"$25,000 to $34,999","nonfamily",10
"922",45860,2017,"$35,000 to $49,999","nonfamily",16.8
"923",45860,2017,"$50,000 to $74,999","nonfamily",18
"924",45860,2017,"$75,000 to $99,999","nonfamily",14.5
"925",45860,2017,"Less than $10,000","nonfamily",6
"926",45860,2017,"low_income","family",6.8
"927",45860,2017,"middle_class","family",42.9
"928",45860,2017,"poverty","family",12.6
"929",45860,2017,"upper_class","family",8.4
"930",45860,2017,"upper_middle_class","family",29.1
"931",45860,2018,"$10,000 to $14,999","nonfamily",6.7
"932",45860,2018,"$100,000 to $149,999","nonfamily",9.9
"933",45860,2018,"$15,000 to $24,999","nonfamily",16
"934",45860,2018,"$150,000 to $199,999","nonfamily",1.9
"935",45860,2018,"$200,000 or more","nonfamily",2.1
"936",45860,2018,"$25,000 to $34,999","nonfamily",14.4
"937",45860,2018,"$35,000 to $49,999","nonfamily",12.6
"938",45860,2018,"$50,000 to $74,999","nonfamily",19.5
"939",45860,2018,"$75,000 to $99,999","nonfamily",9
"940",45860,2018,"Less than $10,000","nonfamily",7.9
"941",45860,2018,"low_income","family",9.7
"942",45860,2018,"middle_class","family",39
"943",45860,2018,"poverty","family",13.9
"944",45860,2018,"upper_class","family",8.4
"945",45860,2018,"upper_middle_class","family",29.1
"946",49340,2010,"$10,000 to $14,999","nonfamily",12
"947",49340,2010,"$100,000 to $149,999","nonfamily",6.2
"948",49340,2010,"$15,000 to $24,999","nonfamily",17.7
"949",49340,2010,"$150,000 to $199,999","nonfamily",1.2
"950",49340,2010,"$200,000 or more","nonfamily",1.2
"951",49340,2010,"$25,000 to $34,999","nonfamily",10.2
"952",49340,2010,"$35,000 to $49,999","nonfamily",14.3
"953",49340,2010,"$50,000 to $74,999","nonfamily",15.7
"954",49340,2010,"$75,000 to $99,999","nonfamily",8.9
"955",49340,2010,"Less than $10,000","nonfamily",12.6
"956",49340,2010,"low_income","family",7.8
"957",49340,2010,"middle_class","family",44.1
"958",49340,2010,"poverty","family",21.7
"959",49340,2010,"upper_class","family",4.8
"960",49340,2010,"upper_middle_class","family",21.4
"961",49340,2011,"$10,000 to $14,999","nonfamily",10.4
"962",49340,2011,"$100,000 to $149,999","nonfamily",6.2
"963",49340,2011,"$15,000 to $24,999","nonfamily",17
"964",49340,2011,"$150,000 to $199,999","nonfamily",1.8
"965",49340,2011,"$200,000 or more","nonfamily",1.1
"966",49340,2011,"$25,000 to $34,999","nonfamily",13
"967",49340,2011,"$35,000 to $49,999","nonfamily",14.3
"968",49340,2011,"$50,000 to $74,999","nonfamily",16.7
"969",49340,2011,"$75,000 to $99,999","nonfamily",7.3
"970",49340,2011,"Less than $10,000","nonfamily",12.2
"971",49340,2011,"low_income","family",8.9
"972",49340,2011,"middle_class","family",42.4
"973",49340,2011,"poverty","family",21
"974",49340,2011,"upper_class","family",5
"975",49340,2011,"upper_middle_class","family",22.8
"976",49340,2012,"$10,000 to $14,999","nonfamily",10.8
"977",49340,2012,"$100,000 to $149,999","nonfamily",6.6
"978",49340,2012,"$15,000 to $24,999","nonfamily",15.9
"979",49340,2012,"$150,000 to $199,999","nonfamily",2.5
"980",49340,2012,"$200,000 or more","nonfamily",1.1
"981",49340,2012,"$25,000 to $34,999","nonfamily",10.8
"982",49340,2012,"$35,000 to $49,999","nonfamily",14.3
"983",49340,2012,"$50,000 to $74,999","nonfamily",16.4
"984",49340,2012,"$75,000 to $99,999","nonfamily",9.2
"985",49340,2012,"Less than $10,000","nonfamily",12.4
"986",49340,2012,"low_income","family",8.3
"987",49340,2012,"middle_class","family",41.7
"988",49340,2012,"poverty","family",20.9
"989",49340,2012,"upper_class","family",5.3
"990",49340,2012,"upper_middle_class","family",23.7
"991",49340,2013,"$10,000 to $14,999","nonfamily",11.3
"992",49340,2013,"$100,000 to $149,999","nonfamily",6.1
"993",49340,2013,"$15,000 to $24,999","nonfamily",15.4
"994",49340,2013,"$150,000 to $199,999","nonfamily",1.7
"995",49340,2013,"$200,000 or more","nonfamily",1
"996",49340,2013,"$25,000 to $34,999","nonfamily",12.6
"997",49340,2013,"$35,000 to $49,999","nonfamily",12.9
"998",49340,2013,"$50,000 to $74,999","nonfamily",17.1
"999",49340,2013,"$75,000 to $99,999","nonfamily",9.3
"1000",49340,2013,"Less than $10,000","nonfamily",12.5
"1001",49340,2013,"low_income","family",8.9
"1002",49340,2013,"middle_class","family",41.8
"1003",49340,2013,"poverty","family",21.6
"1004",49340,2013,"upper_class","family",5.3
"1005",49340,2013,"upper_middle_class","family",22.5
"1006",49340,2014,"$10,000 to $14,999","nonfamily",10.1
"1007",49340,2014,"$100,000 to $149,999","nonfamily",8.3
"1008",49340,2014,"$15,000 to $24,999","nonfamily",15.8
"1009",49340,2014,"$150,000 to $199,999","nonfamily",1.6
"1010",49340,2014,"$200,000 or more","nonfamily",0.7
"1011",49340,2014,"$25,000 to $34,999","nonfamily",13
"1012",49340,2014,"$35,000 to $49,999","nonfamily",12.8
"1013",49340,2014,"$50,000 to $74,999","nonfamily",18.2
"1014",49340,2014,"$75,000 to $99,999","nonfamily",6.8
"1015",49340,2014,"Less than $10,000","nonfamily",12.6
"1016",49340,2014,"low_income","family",9.3
"1017",49340,2014,"middle_class","family",40.7
"1018",49340,2014,"poverty","family",19.5
"1019",49340,2014,"upper_class","family",6.1
"1020",49340,2014,"upper_middle_class","family",24.4
"1021",49340,2015,"$10,000 to $14,999","nonfamily",10.6
"1022",49340,2015,"$100,000 to $149,999","nonfamily",8.7
"1023",49340,2015,"$15,000 to $24,999","nonfamily",15.8
"1024",49340,2015,"$150,000 to $199,999","nonfamily",2.1
"1025",49340,2015,"$200,000 or more","nonfamily",1.1
"1026",49340,2015,"$25,000 to $34,999","nonfamily",11.6
"1027",49340,2015,"$35,000 to $49,999","nonfamily",13.2
"1028",49340,2015,"$50,000 to $74,999","nonfamily",18.1
"1029",49340,2015,"$75,000 to $99,999","nonfamily",7.5
"1030",49340,2015,"Less than $10,000","nonfamily",11.5
"1031",49340,2015,"low_income","family",8.3
"1032",49340,2015,"middle_class","family",41.2
"1033",49340,2015,"poverty","family",19.2
"1034",49340,2015,"upper_class","family",7
"1035",49340,2015,"upper_middle_class","family",24.4
"1036",49340,2016,"$10,000 to $14,999","nonfamily",9.1
"1037",49340,2016,"$100,000 to $149,999","nonfamily",8.6
"1038",49340,2016,"$15,000 to $24,999","nonfamily",15.4
"1039",49340,2016,"$150,000 to $199,999","nonfamily",2
"1040",49340,2016,"$200,000 or more","nonfamily",1.8
"1041",49340,2016,"$25,000 to $34,999","nonfamily",12.1
"1042",49340,2016,"$35,000 to $49,999","nonfamily",15.4
"1043",49340,2016,"$50,000 to $74,999","nonfamily",16.4
"1044",49340,2016,"$75,000 to $99,999","nonfamily",8.7
"1045",49340,2016,"Less than $10,000","nonfamily",10.5
"1046",49340,2016,"low_income","family",8.2
"1047",49340,2016,"middle_class","family",40.3
"1048",49340,2016,"poverty","family",18.2
"1049",49340,2016,"upper_class","family",7.4
"1050",49340,2016,"upper_middle_class","family",25.9
"1051",49340,2017,"$10,000 to $14,999","nonfamily",11.2
"1052",49340,2017,"$100,000 to $149,999","nonfamily",8.6
"1053",49340,2017,"$15,000 to $24,999","nonfamily",13.8
"1054",49340,2017,"$150,000 to $199,999","nonfamily",2.7
"1055",49340,2017,"$200,000 or more","nonfamily",2.1
"1056",49340,2017,"$25,000 to $34,999","nonfamily",12.4
"1057",49340,2017,"$35,000 to $49,999","nonfamily",12.4
"1058",49340,2017,"$50,000 to $74,999","nonfamily",17.2
"1059",49340,2017,"$75,000 to $99,999","nonfamily",8.9
"1060",49340,2017,"Less than $10,000","nonfamily",10.8
"1061",49340,2017,"low_income","family",8.5
"1062",49340,2017,"middle_class","family",38.9
"1063",49340,2017,"poverty","family",18.6
"1064",49340,2017,"upper_class","family",8.1
"1065",49340,2017,"upper_middle_class","family",25.9
"1066",49340,2018,"$10,000 to $14,999","nonfamily",8.9
"1067",49340,2018,"$100,000 to $149,999","nonfamily",7
"1068",49340,2018,"$15,000 to $24,999","nonfamily",16.2
"1069",49340,2018,"$150,000 to $199,999","nonfamily",2.9
"1070",49340,2018,"$200,000 or more","nonfamily",1.6
"1071",49340,2018,"$25,000 to $34,999","nonfamily",10.1
"1072",49340,2018,"$35,000 to $49,999","nonfamily",14.4
"1073",49340,2018,"$50,000 to $74,999","nonfamily",17.5
"1074",49340,2018,"$75,000 to $99,999","nonfamily",10.8
"1075",49340,2018,"Less than $10,000","nonfamily",10.7
"1076",49340,2018,"low_income","family",6.6
"1077",49340,2018,"middle_class","family",40.8
"1078",49340,2018,"poverty","family",17.8
"1079",49340,2018,"upper_class","family",8.9
"1080",49340,2018,"upper_middle_class","family",25.8
